-- phpMyAdmin SQL Dump
-- version 4.5.1
-- http://www.phpmyadmin.net
--
-- Хост: 127.0.0.1
-- Время создания: Ноя 24 2016 г., 16:05
-- Версия сервера: 10.1.16-MariaDB
-- Версия PHP: 5.6.24

SET SQL_MODE = "NO_AUTO_VALUE_ON_ZERO";
SET time_zone = "+00:00";


/*!40101 SET @OLD_CHARACTER_SET_CLIENT=@@CHARACTER_SET_CLIENT */;
/*!40101 SET @OLD_CHARACTER_SET_RESULTS=@@CHARACTER_SET_RESULTS */;
/*!40101 SET @OLD_COLLATION_CONNECTION=@@COLLATION_CONNECTION */;
/*!40101 SET NAMES utf8mb4 */;

--
-- База данных: `mydb`
--

-- --------------------------------------------------------

--
-- Структура таблицы `groups`
--

CREATE TABLE `groups` (
  `group_id` int(11) NOT NULL,
  `group_name` varchar(255) DEFAULT NULL,
  `group_code` varchar(45) NOT NULL
) ENGINE=InnoDB DEFAULT CHARSET=utf8;

--
-- Дамп данных таблицы `groups`
--

INSERT INTO `groups` (`group_id`, `group_name`, `group_code`) VALUES
(1, 'Прикладная математика', '05250'),
(2, 'Математическое обеспечение и администрирование информационных систем', '05450'),
(3, 'Математика', '05140'),
(4, 'Математика', '05150'),
(5, 'Математика', '05160'),
(6, 'Прикладная математика', '05240'),
(7, 'Прикладная математика', '05260'),
(8, 'Прикладная математика и информатика', '05340'),
(9, 'Прикладная математика и информатика', '05360'),
(10, 'Математическое обеспечение и администрирование информационных систем', '05430'),
(11, 'Математическое обеспечение и администрирование информационных систем', '05440'),
(12, 'Математическое обеспечение и администрирование информационных систем', '05460'),
(13, 'Математика и компьютерные науки', '05530'),
(14, 'Математика и компьютерные науки', '05540'),
(15, 'Математика и компьютерные науки', '05550'),
(16, 'Педагогическое образование', '05960'),
(17, 'Прикладная математика', '05230');

-- --------------------------------------------------------

--
-- Структура таблицы `lesson`
--

CREATE TABLE `lesson` (
  `lesson_id` int(11) NOT NULL,
  `title` varchar(45) DEFAULT NULL,
  `shorttitle` varchar(45) DEFAULT NULL,
  `teacher_id` int(11) DEFAULT NULL
) ENGINE=InnoDB DEFAULT CHARSET=utf8;

--
-- Дамп данных таблицы `lesson`
--

INSERT INTO `lesson` (`lesson_id`, `title`, `shorttitle`, `teacher_id`) VALUES
(2, 'Математический Анализ', 'МатАн', 1),
(3, 'Олимпиад. задачи', 'ОЗ', 4),
(4, 'Архитектура Компьютера', 'Арх.Комп.', 5),
(5, 'Администрирование информационных систем', 'АИС', 6),
(6, 'Компьютерные Сети', 'Комп.сети', 7),
(7, 'Элективные курсы по ФК', 'ФК', 8),
(8, 'Иностранный язык', 'Англ.яз.', 11),
(9, 'Структуры и алгоритмы компьютерной обработки ', 'САКОД', 9),
(10, 'Система компьютерной верстки', 'Верстка', 10),
(11, 'Программирование', 'Прога', 12),
(12, 'Дифференциальные уравнения', 'Диффуры', 13);

-- --------------------------------------------------------

--
-- Структура таблицы `pair`
--

CREATE TABLE `pair` (
  `pair_id` int(11) NOT NULL,
  `time_beg` time DEFAULT NULL,
  `time_end` time DEFAULT NULL,
  `pair_name` int(11) DEFAULT NULL
) ENGINE=InnoDB DEFAULT CHARSET=utf8;

--
-- Дамп данных таблицы `pair`
--

INSERT INTO `pair` (`pair_id`, `time_beg`, `time_end`, `pair_name`) VALUES
(2, '08:00:00', '09:30:00', 1),
(3, '09:40:00', '11:10:00', 2),
(4, '11:20:00', '12:50:00', 3),
(5, '13:00:00', '14:30:00', 4),
(6, '14:40:00', '16:10:00', 5),
(7, '16:20:00', '17:50:00', 6),
(8, '18:00:00', '19:30:00', 7);

-- --------------------------------------------------------

--
-- Структура таблицы `schedule`
--

CREATE TABLE `schedule` (
  `schedule_id` int(11) NOT NULL,
  `week_num` int(11) DEFAULT NULL,
  `lesson_id` int(11) DEFAULT NULL,
  `pair_id` int(11) DEFAULT NULL,
  `group_id` int(11) DEFAULT NULL,
  `day` int(11) NOT NULL
) ENGINE=InnoDB DEFAULT CHARSET=utf8;

--
-- Дамп данных таблицы `schedule`
--

INSERT INTO `schedule` (`schedule_id`, `week_num`, `lesson_id`, `pair_id`, `group_id`, `day`) VALUES
(1, 1, 3, 1, 2, 1),
(2, 1, 5, 2, 2, 1),
(3, 1, 2, 3, 2, 1),
(4, 1, 6, 4, 2, 1),
(5, 1, 2, 2, 2, 2),
(6, 1, 4, 3, 2, 2),
(7, 1, 7, 5, 2, 2),
(8, 1, 6, 1, 2, 3),
(9, 1, 8, 2, 2, 3),
(10, 1, 9, 3, 2, 3),
(11, 1, 9, 4, 2, 3),
(12, 1, 10, 1, 2, 4),
(13, 1, 11, 2, 2, 4),
(14, 1, 12, 1, 2, 5),
(15, 1, 10, 2, 2, 5),
(16, 1, 5, 3, 2, 5),
(17, 1, 7, 5, 2, 5),
(18, 1, 9, 2, 2, 6),
(19, 1, 2, 3, 2, 6);

-- --------------------------------------------------------

--
-- Структура таблицы `students`
--

CREATE TABLE `students` (
  `students_id` int(11) NOT NULL,
  `Name` varchar(45) DEFAULT NULL,
  `Secondname` varchar(45) DEFAULT NULL,
  `Patronymic` varchar(45) DEFAULT NULL,
  `group_id` int(11) DEFAULT NULL,
  `user_id` int(11) NOT NULL
) ENGINE=InnoDB DEFAULT CHARSET=utf8;

--
-- Дамп данных таблицы `students`
--

INSERT INTO `students` (`students_id`, `Name`, `Secondname`, `Patronymic`, `group_id`, `user_id`) VALUES
(1, 'Дмитрий', 'Шиханов', 'Сергеевич', 1, 1),
(2, 'Алексей', 'Ефимов', 'Павлович', 2, 0),
(3, 'Дмитрий', 'Серебрюхов', 'Николаевич', 2, 0),
(4, 'Баярма', 'Аюшеева', '1', 3, 1),
(5, 'Евгения', 'Бочарова', '1', 3, 1),
(6, 'Татьяна', 'Веселкова', '1', 3, 1),
(7, 'Наталья', 'Гачегова', '1', 3, 1),
(8, 'Александр', 'Грудинин', '1', 3, 1),
(9, 'Лилия', 'Гылыкова', '1', 3, 1),
(10, 'Азиана', 'Даваакай', '1', 3, 1),
(11, 'Анжела', 'Павлова', '1', 3, 1),
(12, 'Александр', 'Питерман', '1', 3, 1),
(13, 'Кристина', 'Семенова', '1', 3, 1),
(14, 'Валентина', 'Соболева', '1', 3, 1),
(15, 'Лидия', 'Федорова', '1', 3, 1),
(16, 'Булат', 'Бальчинов', '1', 4, 1),
(17, 'Анастасия', 'Баранчугова', '1', 4, 1),
(18, 'Дмитрий', 'Боков', '1', 4, 1),
(19, 'Бадмаханда', 'Буянтуева', '1', 4, 1),
(20, 'Аюна', 'Галькова', '1', 4, 1),
(21, 'Эрдэм', 'Гармаев', '1', 4, 1),
(22, 'Ринчин', 'Гунзенов', '1', 4, 1),
(23, 'Дари', 'Дашиева', '1', 4, 1),
(24, 'Юлиана', 'Дыртык', '1', 4, 1),
(25, 'Содном', 'Жамьянов', '1', 4, 1),
(26, 'Светлана', 'Ипатьева', '1', 4, 1),
(27, 'Алексей', 'Камалединов', '1', 4, 1),
(28, 'Вера', 'Мершниченко', '1', 4, 1),
(29, 'Виталина', 'Путинцева', '1', 4, 1),
(30, 'Жамбал', 'Раднаев', '1', 4, 1),
(31, 'Виктория', 'Самбуева', '1', 4, 1),
(32, 'Татьяна', 'Утенкова', '1', 4, 1),
(33, 'Кристина', 'Шишмакова', '1', 4, 1);

-- --------------------------------------------------------

--
-- Структура таблицы `teacher`
--

CREATE TABLE `teacher` (
  `teacher_id` int(11) NOT NULL,
  `Name` varchar(45) DEFAULT NULL,
  `Secondname` varchar(45) DEFAULT NULL,
  `Patronymic` varchar(45) DEFAULT NULL,
  `user_id` int(11) NOT NULL
) ENGINE=InnoDB DEFAULT CHARSET=utf8;

--
-- Дамп данных таблицы `teacher`
--

INSERT INTO `teacher` (`teacher_id`, `Name`, `Secondname`, `Patronymic`, `user_id`) VALUES
(1, 'Игорь', 'Юмов', 'Бимбаевич', 0),
(2, 'Юрий', 'Нефедов', 'Юрьевич', 0),
(3, 'Баир', 'Хабитуев', 'Викторович', 0),
(4, 'Александр ', 'Данеев', 'Васильевич', 0),
(5, 'Севан', 'Цыдыпов', 'Гуруевич', 0),
(6, 'Даниил', 'Дерюгин', 'Федорович', 0),
(7, 'Александр', 'Цыденмункуев', 'Мункуевич', 0),
(8, 'Иннокентий', 'Очиров', 'Михайлович', 0),
(9, 'Федор', 'Хандаров', 'Владимирович', 0),
(10, 'Татьяна', 'Балданова', 'Саяновна', 0),
(11, 'Дарима', 'Очиржапова', 'Цыренжаповна', 0),
(12, 'Энгельсина', 'Бадмаева', 'Сергеевна', 0),
(13, 'Владимир', 'Убодоев', 'Викторович', 0);

-- --------------------------------------------------------

--
-- Структура таблицы `vimi_aud`
--

CREATE TABLE `vimi_aud` (
  `aud_id` int(11) NOT NULL,
  `aud_num` text NOT NULL
) ENGINE=InnoDB DEFAULT CHARSET=utf8;

--
-- Дамп данных таблицы `vimi_aud`
--

INSERT INTO `vimi_aud` (`aud_id`, `aud_num`) VALUES
(1, '1110'),
(2, '1104'),
(3, '1107'),
(4, '1108'),
(5, '1111'),
(6, '1112'),
(7, '1200'),
(8, '1205'),
(9, '1208'),
(10, '1209'),
(11, '1210'),
(12, '1211'),
(13, '1212'),
(14, '1213'),
(15, '1214'),
(16, '1216'),
(17, '1303'),
(18, '1305'),
(19, '1307'),
(20, '1309'),
(21, '1312'),
(22, '1313'),
(23, '1316');

-- --------------------------------------------------------

--
-- Структура таблицы `vimi_msk`
--

CREATE TABLE `vimi_msk` (
  `user_fio` varchar(255) NOT NULL,
  `count_null` int(11) NOT NULL,
  `group_id` int(11) NOT NULL
) ENGINE=InnoDB DEFAULT CHARSET=utf8;

--
-- Дамп данных таблицы `vimi_msk`
--

INSERT INTO `vimi_msk` (`user_fio`, `count_null`, `group_id`) VALUES
('Аюшеева Баярма ', 7, 3),
('Бочарова Евгения', 2, 3),
('Веселкова Татьяна ', 8, 3),
('Гачегова Наталья', 1, 3),
('Грудинин Александр', 1, 3),
('Гылыкова Лилия', 8, 3),
('Даваакай Азиана', 2, 3),
('Павлова Анжела', 8, 3),
('Питерман Александр', 4, 3),
('Семенова Кристина', 1, 3),
('Соболева Валентина ', 0, 3),
('Федорова Лидия', 1, 3),
('Бальчинов Булат', 10, 4),
('Баранчугова Анастасия', 2, 4),
('Боков Дмитрий', 8, 4),
('Буянтуева Бадмаханда', 2, 4),
('Галькова Аюна', 12, 4),
('Гармаев Эрдэм', 10, 4),
('Гунзенов Ринчин', 11, 4),
('Дашиева Дари', 6, 4),
('Дыртык Юлиана', 12, 4),
('Жамьянов Содном', 5, 4),
('Ипатьева Светлана', 2, 4),
('Камалединов Алексей', 2, 4),
('Мершниченко Вера', 1, 4),
('Путинцева Виталина', 2, 4),
('Раднаев Жамбал', 9, 4),
('Самбуева Виктория', 10, 4),
('Утенкова Татьяна', 3, 4),
('Шишмакова Кристина', 1, 4),
('Бадмаева Э. В.', 8, 5),
('Васильева М. П.', 3, 5),
('Горских А.А.', 9, 5),
('Гумпылов Д.Б.', 2, 5),
('Дашапилов Б.З.', 2, 5),
('Доржиева А.Ц.', 1, 5),
('Ильина О.С.', 2, 5),
('Кидярова А.В.', 1, 5),
('Ковальский П.В.', 1, 5),
('Миленко В.А.', 0, 5),
('Раднаева Д.Ц.', 1, 5),
('Ребягин Н. И.', 4, 5),
('Чернинова Е.Б.', 0, 5),
('Темников И.О.', 1, 5),
('Хамаева Т.Т.', 0, 5),
('Токаренко Ю.В.', 4, 5),
('Хингелов В.Л.', 3, 5),
('Церендоржиева Т.Б.', 1, 5),
('Цыдыпова С.В.', 1, 5),
('Церенжабэ А.Ц.', 1, 5),
('Быкова Екатерина Павловна', 2, 17),
('Думнов Владислав Александрович', 0, 17),
('Осоев Алексей Викторович', 0, 17),
('Саяпин Никита Александрович', 0, 17),
('Филиппов Иннокентий Игоревич', 0, 17),
('Хаптахаева Анжелика Александровна', 0, 17),
('Цыремпилов Констатнтин Эдуардович', 0, 17),
('Цырендашиева Наран Арсалановна', 0, 17),
('Шорников Александр Евгеньевич', 0, 17),
('Антонова Анна Александровна', 0, 17),
('Батлаев Валерий Дмитриевич', 5, 6),
('Будаева Ольгв Витальевна', 2, 6),
('Васильева Саяна Олеговна', 4, 6),
('Дармаев Александр Юрьевич', 4, 6),
('Каленицкий Андрей Владимирович', 4, 6),
('Кулиева Татьяна Андреевна', 0, 6),
('Носырева Вероника Алексеевна', 9, 6),
('Пурбуева Цыцые Батоевна', 10, 6),
('Татарникова Екатерина Николаевна', 0, 6),
('Тубанова Нарана Владимировна', 10, 6),
('Хертек Санчаа Саянович', 2, 6),
('Щепин Денис Юрьевич', 2, 6),
('Аюшеева Иннеса Аюровна', 6, 1),
('Березкин Евгений Александрович', 9, 1),
('Ванданов Станислав Чойжанжапович', 4, 1),
('Дамдинов Эрдэни Баторович', 4, 1),
('Жамцаев Никита Сергеевич', 1, 1),
('Золотухин Валентин Игоревич', 2, 1),
('Карпов Денис', 11, 1),
('Кычаков Александр Николаевич', 12, 1),
('Монгуш Шончалай Владиславовна', 2, 1),
('Монгуш Янжима Шириин-Ооловна', 9, 1),
('Николаев Бато Валерьевич', 4, 1),
('Очиржапов Сультим Алдорович', 9, 1),
('Ринчинова Саяна Баировна', 9, 1),
('Лобанова Юля', 11, 1),
('Тараконов Антон Ильич', 5, 1),
('Цыренов Пурбо Жаргалович', 0, 1),
('Шагжина Саяна Гурдармаевна', 0, 1),
('Шалдаев Бато Цырендоржиевич', 4, 1),
('Шиханов Дмитрий Сергеевич', 0, 1),
('Раднаев Алдар', 2, 1),
('Дашациренов Шэрнин', 5, 1),
('Гревцев Александр Григорьевич', 10, 1),
('Цэдашиева Эржена Жамьяновна', 4, 1),
('Гармаев Мунко', 11, 1),
('Ульянов Даниил', 9, 1),
('Цыцыков Арсалан', 9, 1),
('Алексеев Дмитрий Алексеевич', 1, 7),
('Бахаев       Андрей Юрьевич ', 6, 7),
('Березовская Лидия Александровна', 7, 7),
('Борисова Алёна Иннокентьевна', 0, 7),
('Бубеев Бэликто Буянтуевич', 8, 7),
('Дагбаев Зоригто Баирович', 2, 7),
('Дугаров Борис Владимирович', 7, 7),
('Жугдурова Цыбегмит Жаргаловна', 6, 7),
('Игумнова Анна Сергеевна', 2, 7),
('Когут Анастасия Сергеевна', 1, 7),
('Марактаев Булат Игоревич', 0, 7),
('Махутов Владимир Юрьевич', 3, 7),
('Распопов Андрей Сергеевич', 8, 7),
('Резникова Дарья Григорьевна', 1, 7),
('Резников Тимофей Григорьевич', 3, 7),
('Содномова Анастасия Чингисовна', 0, 7),
('Трофимов Максим Олегович', 3, 7),
('Тугдумова Эржена Бальжировна', 0, 7),
('Халмашкинова Виктория Вячеславовна', 1, 7),
('Аршолоев Максим', 3, 8),
('Батурин Дмитрий', 6, 8),
('Бетту Чингис', 6, 8),
('Доржиева Цэцэгма', 8, 8),
('Доржонов Доржи', 5, 8),
('Ильина Аюна', 8, 8),
('Лхасаранов Ринчин', 4, 8),
('Тимофеев Алексей', 10, 8),
('Цыренжапов Сокто', 6, 8),
('Щербакова Анна', 7, 8),
('Архипов Илья', 1, 9),
('Бальжинимаев Саян', 10, 9),
('Батоева Дашима', 7, 9),
('Дармаева Евгения', 1, 9),
('Докур Аюна', 1, 9),
('Дондуков Аюр', 1, 9),
('Дониленко Михаил', 1, 9),
('Ким Дарижаб', 9, 9),
('Коневин Борис', 1, 9),
('Мардаева Катя', 1, 9),
('Никонов Руслан', 9, 9),
('Парфенов Антон', 2, 9),
('Саянский Коля', 0, 9),
('Угрюмов Кирилл', 0, 9),
('Шушурихин Никита', 0, 9),
('Яковлев Денис', 4, 9),
('Балаганская Анна Петровна', 6, 10),
('Бессонов Иван Сергеевич', 5, 10),
('Бузин Алексей Сергеевич', 0, 10),
('Бурдуковский Павел Сергеевич', 0, 10),
('Гушан Владислав Дмитриевич', 2, 10),
('Захаров Александр Сергеевич', 10, 10),
('Калашникова Наталья Олеговна', 2, 10),
('Монич Лариса Вячеславовна', 5, 10),
('Никитин Никита Викторович', 7, 10),
('Николаев Амарсайхан Дондогсамбуевич', 8, 10),
('Никонов Алексей Александрович', 2, 10),
('Павленко Дмитрий Александрович', 5, 10),
('Попова Ксения Вячеславовна', 1, 10),
('Родионов Павел Сергеевич', 0, 10),
('Савельев Антон', 3, 10),
('Селезнёв Сергей Евгеньевич', 0, 10),
('Стрижанов Дмитрий Валерьевич', 7, 10),
('Тютрин Виктор Витальевич', 4, 10),
('Жамьянов Владимир', 11, 10),
('Архипов Аюр', 4, 11),
('Александров Денис', 9, 11),
('Баендуева Сэржэна ', 2, 11),
('Бальжинимаева Дулма ', 9, 11),
('Гармаев Данзан', 6, 11),
('Гармаева Сэржена', 6, 11),
('Генатулин Сергей', 10, 11),
('Дагданов Андрей', 7, 11),
('Дашиев Булат', 2, 11),
('Жданов Максим', 4, 11),
('Занаева Баярма', 6, 11),
('Игнатьев Андрей', 4, 11),
('Ишигилова Ирина', 3, 11),
('Маланов Максим', 0, 11),
('Новохрост Максим', 5, 11),
('Петрова Юлия ', 8, 11),
('Рабданов Аюр', 4, 11),
('Раднаева Жаргалма', 5, 11),
('Тараканов Артем', 8, 11),
('Устьянцев Роман ', 2, 11),
('Хартиков Николай', 5, 11),
('Хунгуреев Владислав', 3, 11),
('Цыденова Эржэна', 3, 11),
('Шабанов Доржи', 6, 11),
('Балданов Мунко Владимирович', 3, 12),
('Балданова Арюна Юрьевна', 0, 12),
('Бальжинимаев Дугар Баяртоевич', 6, 12),
('Баранцева Виктория Геннадьевна ', 10, 12),
('Батожапова Сэсэг Чингисовна', 1, 12),
('Будаева Юлия Мункуевна', 0, 12),
('Буянтуев Бато Баирович', 4, 12),
('Гуслякова Ксения Алексеевна', 3, 12),
('Дугаров Илья Аркадьевич', 10, 12),
('Еремеев Артем Андреевич', 4, 12),
('Любовников Михаил Алексеевич', 1, 12),
('Мамутов Рамзес Магомедкамилович', 1, 12),
('Солоненко Александр Андреевич', 8, 12),
('Фоменко Алексей Александрович', 1, 12),
('Храмцов Дмитрий Сергеевич', 10, 12),
('Цыренжапов Сультим Баирович', 3, 12),
('Чимитов Амгалан Жаргалович', 7, 12),
('Шандибаев Дандар Жалсанович', 3, 12),
('Эрдынеев Эрдэм Тумэнович', 8, 12),
('Арсентьев Сергей', 0, 13),
('Базаров Алдар', 5, 13),
('Бадмажапов Дамба', 7, 13),
('Воробьев Александр', 5, 13),
('Жигжитов Жаргал', 0, 13),
('Каплин Алексей', 4, 13),
('Сидорова Елена', 0, 13),
('Седии Саида', 1, 13),
('Чойнжуров Сергей', 4, 13),
('Алиев Сахил Физули Оглы', 8, 14),
('Бадмаева Людмила Баторовна', 0, 14),
('Бронштейн Марк Александрович', 1, 14),
('Будаева Светлана Ойдоповна', 2, 14),
('Гармаев Амгалан Бадмаевич', 3, 14),
('Гармаев Арсалан Бадмаевич', 3, 14),
('Дондитов Цыден Цыренович', 4, 14),
('Жигмытов Баир Владимирович', 0, 14),
('Карпицкая Инга Александровна', 0, 14),
('Колесов Юрий Николаевич', 2, 14),
('Манзарова Алёна Мункоевна', 0, 14),
('Маркевич Константин Алексеевич', 7, 14),
('Никитина Кристина Анатольевна', 2, 14),
('Орноева Татьяна Сергеевна', 0, 14),
('Хобраков Алдар Викторович', 7, 14),
('Хогоева Дарима Юрьевна', 1, 14),
('Худренова Зоя Владимировна', 0, 14),
('Шаферова Алина Сергеевна', 9, 14),
('Базаргуроева Наталья', 2, 15),
('Базарова Анастасия', 1, 15),
('Бальжиева Мария', 1, 15),
('Будацыренова Долгор', 1, 15),
('Галсанов Аюр', 2, 15),
('Генденжапов Эрдэм', 1, 15),
('Ешиев Владимир', 1, 15),
('Зандаков Булад', 1, 15),
('Зеленовская Настя', 1, 15),
('Киселев Михаил', 1, 15),
('Кожевина Марина', 1, 15),
('Логинов Артур', 1, 15),
('Лушников Михаил', 2, 15),
('Надцалова Ксения', 1, 15),
('Намжилова Бэлигма', 1, 15),
('Ремезова Оксана', 1, 15),
('Севээн Ай-кыс', 1, 15),
('Халудорова Арюна', 1, 15),
('Хогоева Снежана', 1, 15),
('Черкасова Евгения', 0, 15),
('Шойропова Эржена', 1, 15),
('Яппаров Костя', 1, 15),
('Гончикова Цыбжит Александровна', 0, 16),
('Дружинина Александра Максимовна', 0, 16),
('Есин Александр Сергеевич', 0, 16),
('Каламеец Елена Сергеевна', 0, 16),
('Колмакова Елена Юрьевна', 0, 16),
('Кравчук Евгения Александровна', 0, 16),
('Куйдина Виктория Витальевна', 0, 16),
('Петрова Елена Алексеевна ', 1, 16),
('Степура Дарья Андреевна', 0, 16),
('Удачина Эржена Александровна', 3, 16),
('Халзанов Дамби-Нима Баирович', 1, 16);

-- --------------------------------------------------------

--
-- Структура таблицы `vimi_user`
--

CREATE TABLE `vimi_user` (
  `user_id` int(11) NOT NULL,
  `username` varchar(255) NOT NULL,
  `user_password` varchar(45) NOT NULL,
  `user_status` int(11) NOT NULL
) ENGINE=InnoDB DEFAULT CHARSET=utf8;

--
-- Дамп данных таблицы `vimi_user`
--

INSERT INTO `vimi_user` (`user_id`, `username`, `user_password`, `user_status`) VALUES
(1, 'Шиханов Дмитрий Сергеевич', '1234', 1),
(2, 'Серебрюхов Дмитрий Николаевич', '1234', 1),
(3, '﻿Аюшеева Иннеса Аюровна\r\n', '98989', 1),
(4, 'Березкин Евгений Александрович\r\n', '91235', 1),
(5, 'Ванданов Станислав Чойжанжапович\r\n', '32186', 1),
(6, 'Дамдинов Эрдэни Баторович\r\n', '80090', 1),
(7, 'Жамцаев Никита Сергеевич\r\n', '91375', 1),
(8, 'Золотухин Валентин Игоревич\r\n', '54486', 1),
(9, 'Карпов Денис\r\n', '37141', 1),
(10, 'Кычаков Александр Николаевич\r\n', '18291', 1),
(11, 'Монгуш Шончалай Владиславовна\r\n', '21008', 1),
(12, 'Монгуш Янжима Шириин-Ооловна\r\n', '17561', 1),
(13, 'Николаев Бато Валерьевич\r\n', '22936', 1),
(14, 'Очиржапов Сультим Алдорович\r\n', '28036', 1),
(15, 'Ринчинова Саяна Баировна\r\n', '98824', 1),
(16, 'Лобанова Юля\r\n', '22648', 1),
(17, 'Тараконов Антон Ильич\r\n', '88008', 1),
(18, 'Цыренов Пурбо Жаргалович\r\n', '39012', 1),
(19, 'Шагжина Саяна Гурдармаевна\r\n', '40761', 1),
(20, 'Шалдаев Бато Цырендоржиевич\r\n', '66933', 1),
(21, 'Шиханов Дмитрий Сергеевич\r\n', '15795', 1),
(22, 'Раднаев Алдар\r\n', '25905', 1),
(23, 'Шагдуров Алексей Жаргалович\r\n', '57757', 1),
(24, 'Гревцев Александр Григорьевич\r\n', '12606', 1),
(25, 'Цэдашиева Эржена Жамьяновна\r\n', '84734', 1),
(26, 'Гармаев Мунко\r\n', '98404', 1),
(27, 'Ульянов Даниил\r\n', '45749', 1),
(28, 'Цыцыков Арсалан', '36853', 1),
(29, '05250', '05250', 1),
(30, '05450', '05450', 1),
(31, '05140', '05140', 1),
(32, '05150', '05150', 1),
(33, '05160', '05160', 1),
(34, '05240', '05240', 1),
(35, '05260', '05260', 1),
(36, '05340', '05340', 1),
(37, '05360', '05360', 1),
(38, '05430', '05430', 1),
(39, '05440', '05440', 1),
(40, '05460', '05460', 1),
(41, '05530', '05530', 1),
(42, '05540', '05540', 1),
(43, '05550', '05550', 1),
(44, '05230', '05230', 1),
(45, '05960', '05960', 1),
(46, 'Decanat', 'Decanat_imi', 2);

-- --------------------------------------------------------

--
-- Структура таблицы `visiting`
--

CREATE TABLE `visiting` (
  `visiting_id` int(11) NOT NULL,
  `shledule_id` int(11) DEFAULT NULL,
  `student_id` int(11) DEFAULT NULL,
  `status_id` int(11) DEFAULT NULL,
  `date_visiting` date DEFAULT NULL
) ENGINE=InnoDB DEFAULT CHARSET=utf8;

-- --------------------------------------------------------

--
-- Структура таблицы `visit_connect`
--

CREATE TABLE `visit_connect` (
  `connect_id` int(11) NOT NULL,
  `student_id` int(11) NOT NULL,
  `aud_id` int(11) NOT NULL,
  `date_visiting` datetime NOT NULL
) ENGINE=InnoDB DEFAULT CHARSET=utf8;

--
-- Дамп данных таблицы `visit_connect`
--

INSERT INTO `visit_connect` (`connect_id`, `student_id`, `aud_id`, `date_visiting`) VALUES
(1, 1, 4, '2016-11-11 09:50:23');

-- --------------------------------------------------------

--
-- Структура таблицы `visit_status`
--

CREATE TABLE `visit_status` (
  `status_id` int(11) NOT NULL,
  `status_title` varchar(45) DEFAULT NULL
) ENGINE=InnoDB DEFAULT CHARSET=utf8;

--
-- Индексы сохранённых таблиц
--

--
-- Индексы таблицы `groups`
--
ALTER TABLE `groups`
  ADD PRIMARY KEY (`group_id`);

--
-- Индексы таблицы `lesson`
--
ALTER TABLE `lesson`
  ADD PRIMARY KEY (`lesson_id`),
  ADD KEY `teacher_id_idx` (`teacher_id`);

--
-- Индексы таблицы `pair`
--
ALTER TABLE `pair`
  ADD PRIMARY KEY (`pair_id`);

--
-- Индексы таблицы `schedule`
--
ALTER TABLE `schedule`
  ADD PRIMARY KEY (`schedule_id`),
  ADD KEY `pair_id_idx` (`pair_id`),
  ADD KEY `lesson_id_idx` (`lesson_id`);

--
-- Индексы таблицы `students`
--
ALTER TABLE `students`
  ADD PRIMARY KEY (`students_id`),
  ADD KEY `group_id_idx` (`group_id`);

--
-- Индексы таблицы `teacher`
--
ALTER TABLE `teacher`
  ADD PRIMARY KEY (`teacher_id`);

--
-- Индексы таблицы `vimi_aud`
--
ALTER TABLE `vimi_aud`
  ADD PRIMARY KEY (`aud_id`);

--
-- Индексы таблицы `vimi_user`
--
ALTER TABLE `vimi_user`
  ADD PRIMARY KEY (`user_id`);

--
-- Индексы таблицы `visiting`
--
ALTER TABLE `visiting`
  ADD PRIMARY KEY (`visiting_id`),
  ADD KEY `shledule_id_idx` (`shledule_id`),
  ADD KEY `student_id_idx` (`student_id`);

--
-- Индексы таблицы `visit_connect`
--
ALTER TABLE `visit_connect`
  ADD PRIMARY KEY (`connect_id`);

--
-- Индексы таблицы `visit_status`
--
ALTER TABLE `visit_status`
  ADD PRIMARY KEY (`status_id`);

--
-- AUTO_INCREMENT для сохранённых таблиц
--

--
-- AUTO_INCREMENT для таблицы `groups`
--
ALTER TABLE `groups`
  MODIFY `group_id` int(11) NOT NULL AUTO_INCREMENT, AUTO_INCREMENT=18;
--
-- AUTO_INCREMENT для таблицы `lesson`
--
ALTER TABLE `lesson`
  MODIFY `lesson_id` int(11) NOT NULL AUTO_INCREMENT, AUTO_INCREMENT=13;
--
-- AUTO_INCREMENT для таблицы `pair`
--
ALTER TABLE `pair`
  MODIFY `pair_id` int(11) NOT NULL AUTO_INCREMENT, AUTO_INCREMENT=9;
--
-- AUTO_INCREMENT для таблицы `schedule`
--
ALTER TABLE `schedule`
  MODIFY `schedule_id` int(11) NOT NULL AUTO_INCREMENT, AUTO_INCREMENT=20;
--
-- AUTO_INCREMENT для таблицы `students`
--
ALTER TABLE `students`
  MODIFY `students_id` int(11) NOT NULL AUTO_INCREMENT, AUTO_INCREMENT=34;
--
-- AUTO_INCREMENT для таблицы `teacher`
--
ALTER TABLE `teacher`
  MODIFY `teacher_id` int(11) NOT NULL AUTO_INCREMENT, AUTO_INCREMENT=14;
--
-- AUTO_INCREMENT для таблицы `vimi_aud`
--
ALTER TABLE `vimi_aud`
  MODIFY `aud_id` int(11) NOT NULL AUTO_INCREMENT, AUTO_INCREMENT=24;
--
-- AUTO_INCREMENT для таблицы `vimi_user`
--
ALTER TABLE `vimi_user`
  MODIFY `user_id` int(11) NOT NULL AUTO_INCREMENT, AUTO_INCREMENT=47;
--
-- AUTO_INCREMENT для таблицы `visiting`
--
ALTER TABLE `visiting`
  MODIFY `visiting_id` int(11) NOT NULL AUTO_INCREMENT;
--
-- AUTO_INCREMENT для таблицы `visit_connect`
--
ALTER TABLE `visit_connect`
  MODIFY `connect_id` int(11) NOT NULL AUTO_INCREMENT, AUTO_INCREMENT=2;
--
-- AUTO_INCREMENT для таблицы `visit_status`
--
ALTER TABLE `visit_status`
  MODIFY `status_id` int(11) NOT NULL AUTO_INCREMENT;
/*!40101 SET CHARACTER_SET_CLIENT=@OLD_CHARACTER_SET_CLIENT */;
/*!40101 SET CHARACTER_SET_RESULTS=@OLD_CHARACTER_SET_RESULTS */;
/*!40101 SET COLLATION_CONNECTION=@OLD_COLLATION_CONNECTION */;
